,column_name,term_id
0,HighBP,38341003
1,HighChol,370992007
2,CholCheck,77068002
3,BMI,60621009
4,Smoker,77176002
5,Stroke,690051000119100
6,Diabetes,73211009
7,PhysActivity,68130003
8,Fruits,226452008
9,Veggies,226448008
10,HvyAlcoholConsump,160592001
11,AnyHealthcare,185952002
12,NoDocbcCost,None
13,GenHlth,363800008
14,MentHlth,413307004
15,PhysHlth,413320001
16,DiffWalk,282195009
17,Sex,263495000
18,Age,397669002
19,Education,409073007
20,Income,224168007
21,HeartDiseaseorAttack,56265001
